Specialty,Specialty Group
Haematology,Blood
Metabolic Medicine,Blood
Paed Haematology,Blood
Paed Metabolic Medicine,Blood
Orthopaedics,Bones
Paed Orthopaedic,Bones
Rheumatology,Bones
Clinical Neurophysiology,Brain
Developmental Paediatrics,Brain
Neurology,Brain
Neurosurgery,Brain
Paediatric Neurology,Brain
Paediatric Neurosurgery,Brain
Paed Oncology,Cancer
Paediatrics,Child Care
Plastic Surgery,Cosmetic
Maxillo-Facial,Dental
Paed Gastro-Enterol,Digestive
Otolaryngology (ENT),ENT
Paediatric ENT,ENT
Ophthalmology,Eyes
General Medicine,General
General Surgery,General
Paediatric Surgery,General
Pain Relief,General
Clinical (Medical) Genetics,Genes
Cardiology,Heart
Cardio-Thoracic Surgery,Heart
Paed Cardiology,Heart
Diabetes Mellitus,Hormonal
Endocrinology,Hormonal
Paed Endocrinology,Hormonal
Clinical Immunology,Immune System
Immunology,Immune System
Paediatric Infectious Diseases,Immune System
Neonatology,Infant
Nephrology,Kidney
Paed Nephrology,Kidney
Other,Other
Small Volume Specialities,Other
Palliative Medicine,Pain Relief
Child/Adolescent Psychiatry,Psychatry
Gynaecology,Reproductive System
Anaesthetics,Respiratory
Infectious Diseases,Respiratory
Paediatric Anaesthetics,Respiratory
Paediatric Respiratory Medicine,Respiratory
Respiratory Medicine,Respiratory
Dermatology,Skin
Paediatric Dermatology,Skin
Dental Surgery,Teeth
Paediatric Urology,Urine
Urology,Urine
Paediatric Radiology,X-ray
Radiology,X-ray
